Symbol,Security,GICS Sector,GICS Sub-Industry,US Headquarters City,US Headquarters State,Date added,CIK,Founded
A,Agilent Technologies,Health Care,Life Sciences Tools & Services,Santa Clara,California,6/5/2000,0001090872,1999
AAL,American Airlines Group,Industrials,Passenger Airlines,Fort Worth,Texas,3/23/2015,0000006201,1934
AAPL,Apple Inc.,Information Technology,"Technology Hardware, Storage & Peripherals",Cupertino,California,11/30/1982,0000320193,1977
ABBV,AbbVie,Health Care,Biotechnology,North Chicago,Illinois,12/31/2012,0001551152,1888
ABT,Abbott Laboratories,Health Care,Health Care Equipment,North Chicago,Illinois,3/4/1957,0000001800,1888
ACGL,Arch Capital Group,Financials,Property & Casualty Insurance,New York City,New York,11/1/2022,0000947484,1995
ACN,Accenture,Information Technology,IT Consulting & Other Services,Chicago,Illinois,7/6/2011,0001467373,1989
ADBE,Adobe Inc.,Information Technology,Application Software,San Jose,California,5/5/1997,0000796343,1982
ADI,Analog Devices,Information Technology,Semiconductors,Wilmington,Massachusetts,10/12/1999,0000006281,1965
ADM,Archer Daniels Midland,Consumer Staples,Agricultural Products & Services,Chicago,Illinois,3/4/1957,0000007084,1902
ADP,Automatic Data Processing,Industrials,Human Resource & Employment Services,Roseland,New Jersey,3/31/1981,0000008670,1949
ADSK,Autodesk,Information Technology,Application Software,San Francisco,California,12/1/1989,0000769397,1982
AEE,Ameren,Utilities,Multi-Utilities,St. Louis,Missouri,9/19/1991,0001002910,1902
AEP,American Electric Power,Utilities,Electric Utilities,Columbus,Ohio,3/4/1957,0000004904,1906
AES,AES Corporation,Utilities,Independent Power Producers & Energy Traders,Arlington,Virginia,10/2/1998,0000874761,1981
AFL,Aflac,Financials,Life & Health Insurance,Columbus,Georgia,5/28/1999,0000004977,1955
AIG,American International Group,Financials,Multi-line Insurance,New York City,New York,3/31/1980,0000005272,1919
AIZ,Assurant,Financials,Multi-line Insurance,Atlanta,Georgia,4/10/2007,0001267238,1892
AJG,Arthur J. Gallagher & Co.,Financials,Insurance Brokers,Rolling Meadows,Illinois,5/31/2016,0000354190,1927
AKAM,Akamai Technologies,Information Technology,Internet Services & Infrastructure,Cambridge,Massachusetts,7/12/2007,0001086222,1998
ALB,Albemarle Corporation,Materials,Specialty Chemicals,Charlotte,North Carolina,7/1/2016,0000915913,1994
ALGN,Align Technology,Health Care,Health Care Supplies,Tempe,Arizona,6/19/2017,0001097149,1997
ALL,Allstate,Financials,Property & Casualty Insurance,Northbrook,Illinois,7/13/1995,0000899051,1931
ALLE,Allegion,Industrials,Building Products,Carmel,Indiana,12/2/2013,0001579241,1908
AMAT,Applied Materials,Information Technology,Semiconductor Materials & Equipment,Santa Clara,California,3/16/1995,0000006951,1967
AMCR,Amcor,Materials,Paper & Plastic Packaging Products & Materials,Manchester,Michigan,6/7/2019,0001748790,1860
AMD,Advanced Micro Devices,Information Technology,Semiconductors,Santa Clara,California,3/20/2017,0000002488,1969
AME,Ametek,Industrials,Electrical Components & Equipment,Berwyn,Pennsylvania,9/23/2013,0001037868,1930
AMGN,Amgen,Health Care,Biotechnology,Thousand Oaks,California,1/2/1992,0000318154,1980
AMP,Ameriprise Financial,Financials,Asset Management & Custody Banks,Minneapolis,Minnesota,10/3/2005,0000820027,1894
AMT,American Tower,Real Estate,Telecom Tower REITs,Boston,Massachusetts,11/19/2007,0001053507,1995
AMZN,Amazon,Consumer Discretionary,Broadline Retail,Seattle,Washington,11/18/2005,0001018724,1994
ANET,Arista Networks,Information Technology,Communications Equipment,Santa Clara,California,8/28/2018,0001596532,2004
ANSS,Ansys,Information Technology,Application Software,Canonsburg,Pennsylvania,6/19/2017,0001013462,1969
AON,Aon plc,Financials,Insurance Brokers,Chicago,Illinois,4/23/1996,0000315293,1919
AOS,A. O. Smith,Industrials,Building Products,Milwaukee,Wisconsin,7/26/2017,0000091142,1916
APD,Air Products,Materials,Industrial Gases,Upper Macungie Township,Pennsylvania,4/30/1985,0000002969,1940
APH,Amphenol,Information Technology,Electronic Components,Wallingford,Connecticut,9/30/2008,0000820313,1932
APO,Apollo Global Management,Financials,Asset Management & Custody Banks,New York City,New York,12/23/2024,0001858681,1990
APTV,Aptiv,Consumer Discretionary,Automotive Parts & Equipment,Boston,Massachusetts,12/24/2012,0001521332,1994
ARE,Alexandria Real Estate Equities,Real Estate,Office REITs,Pasadena,California,3/20/2017,0001035443,1994
ATO,Atmos Energy,Utilities,Gas Utilities,Dallas,Texas,2/15/2019,0000731802,1906
AVB,AvalonBay Communities,Real Estate,Multi-Family Residential REITs,Arlington,Virginia,1/10/2007,0000915912,1978
AVGO,Broadcom,Information Technology,Semiconductors,Palo Alto,California,5/8/2014,0001730168,1961
AVY,Avery Dennison,Materials,Paper & Plastic Packaging Products & Materials,Mentor,Ohio,12/31/1987,0000008818,1935
AWK,American Water Works,Utilities,Water Utilities,Camden,New Jersey,3/4/2016,0001410636,1886
AXP,American Express,Financials,Consumer Finance,New York City,New York,6/30/1976,0000004962,1850
AZO,AutoZone,Consumer Discretionary,Automotive Retail,Memphis,Tennessee,1/2/1997,0000866787,1979
BA,Boeing,Industrials,Aerospace & Defense,Arlington,Virginia,3/4/1957,0000012927,1916
BAC,Bank of America,Financials,Diversified Banks,Charlotte,North Carolina,6/30/1976,0000070858,1874
BALL,Ball Corporation,Materials,"Metal, Glass & Plastic Containers",Broomfield,Colorado,10/31/1984,0000009389,1880
BAX,Baxter International,Health Care,Health Care Equipment,Deerfield,Illinois,9/30/1972,0000010456,1931
BBWI,"Bath & Body Works, Inc.",Consumer Discretionary,Other Specialty Retail,Columbus,Ohio,9/30/1983,0000701985,1963
BBY,Best Buy,Consumer Discretionary,Computer & Electronics Retail,Richfield,Minnesota,6/29/1999,0000764478,1966
BDX,Becton Dickinson,Health Care,Health Care Equipment,Franklin Lakes,New Jersey,9/30/1972,0000010795,1897
BEN,Franklin Resources,Financials,Asset Management & Custody Banks,San Mateo,California,4/30/1998,0000038777,1947
BF.B,Brown–Forman,Consumer Staples,Distillers & Vintners,Louisville,Kentucky,10/31/1982,0000014693,1870
BIIB,Biogen,Health Care,Biotechnology,Cambridge,Massachusetts,11/13/2003,0000875045,1978
BIO,Bio-Rad,Health Care,Life Sciences Tools & Services,Hercules,California,6/22/2020,0000012208,1952
BK,BNY Mellon,Financials,Asset Management & Custody Banks,New York City,New York,3/31/1995,0001390777,1784
BKNG,Booking Holdings,Consumer Discretionary,"Hotels, Resorts & Cruise Lines",Norwalk,Connecticut,11/6/2009,0001075531,1996
BKR,Baker Hughes,Energy,Oil & Gas Equipment & Services,Houston,Texas,7/7/2017,0001701605,2017
BLK,BlackRock,Financials,Asset Management & Custody Banks,New York City,New York,4/4/2011,0002012383,1988
BMY,Bristol Myers Squibb,Health Care,Pharmaceuticals,New York City,New York,3/4/1957,0000014272,1887
BR,Broadridge Financial Solutions,Industrials,Data Processing & Outsourced Services,Lake Success,New York,6/18/2018,0001383312,1962
BRK.B,Berkshire Hathaway,Financials,Multi-Sector Holdings,Omaha,Nebraska,2/16/2010,0001067983,1839
BRO,Brown & Brown,Financials,Insurance Brokers,Daytona Beach,Florida,9/20/2021,0000079282,1939
BSX,Boston Scientific,Health Care,Health Care Equipment,Marlborough,Massachusetts,2/24/1995,0000885725,1979
BWA,BorgWarner,Consumer Discretionary,Automotive Parts & Equipment,Auburn Hills,Michigan,12/19/2011,0000908255,1880
BXP,"BXP, Inc.",Real Estate,Office REITs,Boston,Massachusetts,4/3/2006,0001037540,1970
C,Citigroup,Financials,Diversified Banks,New York City,New York,5/31/1988,0000831001,1998
CAG,Conagra Brands,Consumer Staples,Packaged Foods & Meats,Chicago,Illinois,8/31/1983,0000023217,1919
CAH,Cardinal Health,Health Care,Health Care Distributors,Dublin,Ohio,5/27/1997,0000721371,1971
CARR,Carrier Global,Industrials,Building Products,Palm Beach Gardens,Florida,4/3/2020,0001783180,1915
CAT,Caterpillar Inc.,Industrials,Construction Machinery & Heavy Transportation Equipment,Irving,Texas,3/4/1957,0000018230,1925
CB,Chubb Limited,Financials,Property & Casualty Insurance,New York City,New York,7/15/2010,0000896159,1985
CBOE,Cboe Global Markets,Financials,Financial Exchanges & Data,Chicago,Illinois,3/1/2017,0001374310,1973
CBRE,CBRE Group,Real Estate,Real Estate Services,Dallas,Texas,11/10/2006,0001138118,1906
CCI,Crown Castle,Real Estate,Telecom Tower REITs,Houston,Texas,3/14/2012,0001051470,1994
CCL,Carnival,Consumer Discretionary,"Hotels, Resorts & Cruise Lines",Miami,Florida,12/22/1998,0000815097,1972
CDAY,Ceridian,Industrials,Human Resource & Employment Services,Minneapolis,Minnesota,9/20/2021,0001725057,1992
CDNS,Cadence Design Systems,Information Technology,Application Software,San Jose,California,9/18/2017,0000813672,1988
CDW,CDW Corporation,Information Technology,Technology Distributors,Vernon Hills,Illinois,9/23/2019,0001402057,1984
CE,Celanese,Materials,Specialty Chemicals,Irving,Texas,12/24/2018,0001306830,1918
CEG,Constellation Energy,Utilities,Electric Utilities,Baltimore,Maryland,2/2/2022,0001868275,1999
CF,CF Industries,Materials,Fertilizers & Agricultural Chemicals,Deerfield,Illinois,8/27/2008,0001324404,1946
CFG,Citizens Financial Group,Financials,Regional Banks,Providence,Rhode Island,1/29/2016,0000759944,1828
CHD,Church & Dwight,Consumer Staples,Household Products,Ewing,New Jersey,12/29/2015,0000313927,1847
CHRW,C.H. Robinson,Industrials,Air Freight & Logistics,Eden Prairie,Minnesota,3/2/2007,0001043277,1905
CHTR,Charter Communications,Communication Services,Cable & Satellite,Stamford,Connecticut,9/8/2016,0001091667,1993
CI,Cigna,Health Care,Health Care Services,Bloomfield,Connecticut,6/30/1976,0001739940,1982
CINF,Cincinnati Financial,Financials,Property & Casualty Insurance,Fairfield,Ohio,12/18/1997,0000020286,1950
CL,Colgate-Palmolive,Consumer Staples,Household Products,New York City,New York,3/4/1957,0000021665,1806
CLX,Clorox,Consumer Staples,Household Products,Oakland,California,3/31/1969,0000021076,1913
CMA,Comerica,Financials,Diversified Banks,Dallas,Texas,12/1/1995,0000028412,1849
CMCSA,Comcast,Communication Services,Cable & Satellite,Philadelphia,Pennsylvania,11/19/2002,0001166691,1963
CME,CME Group,Financials,Financial Exchanges & Data,Chicago,Illinois,8/11/2006,0001156375,1848
CMG,Chipotle Mexican Grill,Consumer Discretionary,Restaurants,Newport Beach,California,4/28/2011,0001058090,1993
CMI,Cummins,Industrials,Construction Machinery & Heavy Transportation Equipment,Columbus,Indiana,3/31/1965,0000026172,1919
CMS,CMS Energy,Utilities,Multi-Utilities,Jackson,Michigan,3/4/1957,0000811156,1886
CNC,Centene Corporation,Health Care,Managed Health Care,St. Louis,Missouri,3/30/2016,0001071739,1984
CNP,CenterPoint Energy,Utilities,Multi-Utilities,Houston,Texas,7/31/1985,0001130310,1882
COF,Capital One,Financials,Consumer Finance,Tysons Corner,Virginia,7/1/1998,0000927628,1994
COIN,Coinbase,Financials,Financial Exchanges & Data,New York City,New York,5/19/2025,0001679788,2012
COO,Cooper Companies (The),Health Care,Health Care Supplies,San Ramon,California,9/23/2016,0000711404,1958
COP,ConocoPhillips,Energy,Oil & Gas Exploration & Production,Houston,Texas,3/4/1957,0001163165,2002
COR,Cencora,Health Care,Health Care Distributors,Conshohocken,Pennsylvania,8/30/2001,0001140859,1985
COST,Costco,Consumer Staples,Consumer Staples Merchandise Retail,Issaquah,Washington,10/1/1993,0000909832,1976
CPAY,Corpay,Financials,Transaction & Payment Processing Services,Atlanta,Georgia,6/20/2018,0001175454,2000
CPB,Campbell's Company (The),Consumer Staples,Packaged Foods & Meats,Camden,New Jersey,3/4/1957,0000016732,1869
CPRT,Copart,Industrials,Diversified Support Services,Dallas,Texas,7/2/2018,0000900075,1982
CPT,Camden Property Trust,Real Estate,Multi-Family Residential REITs,Houston,Texas,4/4/2022,0000906345,1981
CRL,Charles River Laboratories,Health Care,Life Sciences Tools & Services,Wilmington,Massachusetts,5/14/2021,0001100682,1947
CRM,Salesforce,Information Technology,Application Software,San Francisco,California,9/15/2008,0001108524,1999
CRWD,CrowdStrike,Information Technology,Systems Software,Austin,Texas,6/24/2024,0001535527,2011
CSCO,Cisco,Information Technology,Communications Equipment,San Jose,California,12/1/1993,0000858877,1984
CSGP,CoStar Group,Real Estate,Real Estate Services,Washington,District of Colombia,9/19/2022,0001057352,1987
CSX,CSX Corporation,Industrials,Rail Transportation,Jacksonville,Florida,3/4/1957,0000277948,1980
CTAS,Cintas,Industrials,Diversified Support Services,Mason,Ohio,3/1/2001,0000723254,1929
CTLT,Catalent,Health Care,Pharmaceuticals,Somerset,New Jersey,9/21/2020,0001596783,2007
CTRA,Coterra,Energy,Oil & Gas Exploration & Production,Houston,Texas,6/23/2008,0000858470,1989
CTSH,Cognizant,Information Technology,IT Consulting & Other Services,Teaneck,New Jersey,11/17/2006,0001058290,1994
CTVA,Corteva,Materials,Fertilizers & Agricultural Chemicals,Indianapolis,Indiana,6/3/2019,0001755672,2019
CVS,CVS Health,Health Care,Health Care Services,Woonsocket,Rhode Island,3/4/1957,0000064803,1996
CVX,Chevron Corporation,Energy,Integrated Oil & Gas,San Ramon,California,3/4/1957,0000093410,1879
CZR,Caesars Entertainment,Consumer Discretionary,Casinos & Gaming,Reno,Nevada,3/22/2021,0001590895,1973
D,Dominion Energy,Utilities,Multi-Utilities,Richmond,Virginia,11/30/2016,0000715957,1983
DAL,Delta Air Lines,Industrials,Passenger Airlines,Atlanta,Georgia,9/11/2013,0000027904,1929
DASH,DoorDash,Consumer Discretionary,Specialized Consumer Services,San Francisco,California,3/24/2025,0001792789,2012
DAY,Dayforce,Industrials,Human Resource & Employment Services,Minneapolis,Minnesota,9/20/2021,0001725057,1992
DD,DuPont,Materials,Specialty Chemicals,Wilmington,Delaware,6/3/2019,0001666700,1802
DDOG,Datadog,Information Technology,Application Software,New York City,New York,7/9/2025,0001561550,2010
DE,Deere & Company,Industrials,Agricultural & Farm Machinery,Moline,Illinois,3/4/1957,0000315189,1837
DECK,Deckers Brands,Consumer Discretionary,Footwear,Goleta,California,3/18/2024,0000910521,1973
DELL,Dell Technologies,Information Technology,"Technology Hardware, Storage & Peripherals",Round Rock,Texas,9/23/2024,0001571996,2016
DFS,Discover Financial,Financials,Consumer Finance,Riverwoods,Illinois,7/2/2007,0001393612,1985
DG,Dollar General,Consumer Staples,Consumer Staples Merchandise Retail,Goodlettsville,Tennessee,12/3/2012,0000029534,1939
DGX,Quest Diagnostics,Health Care,Health Care Services,Secaucus,New Jersey,12/12/2002,0001022079,1967
DHI,D. R. Horton,Consumer Discretionary,Homebuilding,Arlington,Texas,6/22/2005,0000882184,1978
DHR,Danaher Corporation,Health Care,Life Sciences Tools & Services,Washington,District of Colombia,11/18/1998,0000313616,1969
DIS,Walt Disney Company (The),Communication Services,Movies & Entertainment,Burbank,California,6/30/1976,0001744489,1923
DLR,Digital Realty,Real Estate,Data Center REITs,Austin,Texas,5/18/2016,0001297996,2004
DLTR,Dollar Tree,Consumer Staples,Consumer Staples Merchandise Retail,Chesapeake,Virginia,12/19/2011,0000935703,1986
DOC,Healthpeak Properties,Real Estate,Health Care REITs,Denver,Colorado,3/31/2008,0000765880,1985
DOV,Dover Corporation,Industrials,Industrial Machinery & Supplies & Components,Downers Grove,Illinois,10/31/1985,0000029905,1955
DOW,Dow Inc.,Materials,Commodity Chemicals,Midland,Michigan,4/1/2019,0001751788,1897
DPZ,Domino's,Consumer Discretionary,Restaurants,Ann Arbor,Michigan,5/12/2020,0001286681,1960
DRI,Darden Restaurants,Consumer Discretionary,Restaurants,Orlando,Florida,5/31/1995,0000940944,1938
DTE,DTE Energy,Utilities,Multi-Utilities,Detroit,Michigan,3/4/1957,0000936340,1995
DUK,Duke Energy,Utilities,Electric Utilities,Charlotte,North Carolina,6/30/1976,0001326160,1904
DVA,DaVita,Health Care,Health Care Services,Denver,Colorado,7/31/2008,0000927066,1979
DVN,Devon Energy,Energy,Oil & Gas Exploration & Production,Oklahoma City,Oklahoma,8/30/2000,0001090012,1971
DXCM,Dexcom,Health Care,Health Care Equipment,San Diego,California,5/12/2020,0001093557,1999
EA,Electronic Arts,Communication Services,Interactive Home Entertainment,Redwood City,California,7/22/2002,0000712515,1982
EBAY,eBay Inc.,Consumer Discretionary,Broadline Retail,San Jose,California,7/22/2002,0001065088,1995
ECL,Ecolab,Materials,Specialty Chemicals,Saint Paul,Minnesota,1/31/1989,0000031462,1923
ED,Consolidated Edison,Utilities,Multi-Utilities,New York City,New York,3/4/1957,0001047862,1823
EFX,Equifax,Industrials,Research & Consulting Services,Atlanta,Georgia,6/19/1997,0000033185,1899
EG,Everest Group,Financials,Reinsurance,Dallas,Texas,6/19/2017,0001095073,1973
EIX,Edison International,Utilities,Electric Utilities,Rosemead,California,3/4/1957,0000827052,1886
EL,Estée Lauder Companies (The),Consumer Staples,Personal Care Products,New York City,New York,1/5/2006,0001001250,1946
ELV,Elevance Health,Health Care,Managed Health Care,Indianapolis,Indiana,7/25/2002,0001156039,1946
EMN,Eastman Chemical Company,Materials,Specialty Chemicals,Kingsport,Tennessee,1/1/1994,0000915389,1920
EMR,Emerson Electric,Industrials,Electrical Components & Equipment,Ferguson,Missouri,3/31/1965,0000032604,1890
ENPH,Enphase Energy,Information Technology,Semiconductor Materials & Equipment,Fremont,California,1/7/2021,0001463101,2006
EOG,EOG Resources,Energy,Oil & Gas Exploration & Production,Houston,Texas,11/2/2000,0000821189,1999
EPAM,EPAM Systems,Information Technology,IT Consulting & Other Services,Newtown,Pennsylvania,12/14/2021,0001352010,1993
EQIX,Equinix,Real Estate,Data Center REITs,Redwood City,California,3/20/2015,0001101239,1998
EQR,Equity Residential,Real Estate,Multi-Family Residential REITs,Chicago,Illinois,12/3/2001,0000906107,1969
EQT,EQT Corporation,Energy,Oil & Gas Exploration & Production,Pittsburgh,Pennsylvania,10/3/2022,0000033213,1888
ERIE,Erie Indemnity,Financials,Insurance Brokers,Erie,Pennsylvania,9/23/2024,0000922621,1925
ES,Eversource Energy,Utilities,Electric Utilities,Hartford,Connecticut,7/24/2009,0000072741,1966
ESS,Essex Property Trust,Real Estate,Multi-Family Residential REITs,San Mateo,California,4/2/2014,0000920522,1971
ETN,Eaton Corporation,Industrials,Electrical Components & Equipment,Beachwood,Ohio,3/4/1957,0001551182,1911
ETR,Entergy,Utilities,Electric Utilities,New Orleans,Louisiana,3/4/1957,0000065984,1913
ETSY,Etsy,Consumer Discretionary,Broadline Retail,New York City,New York,9/21/2020,0001370637,2005
EVRG,Evergy,Utilities,Electric Utilities,Kansas City,Missouri,6/5/2018,0001711269,1909
EW,Edwards Lifesciences,Health Care,Health Care Equipment,Irvine,California,4/1/2011,0001099800,1958
EXC,Exelon,Utilities,Electric Utilities,Chicago,Illinois,3/4/1957,0001109357,2000
EXE,Expand Energy,Energy,Oil & Gas Exploration & Production,Oklahoma City,Oklahoma,3/24/2025,0000895126,1989
EXPD,Expeditors International,Industrials,Air Freight & Logistics,Seattle,Washington,10/10/2007,0000746515,1979
EXPE,Expedia Group,Consumer Discretionary,"Hotels, Resorts & Cruise Lines",Seattle,Washington,10/2/2007,0001324424,1996
EXR,Extra Space Storage,Real Estate,Self-Storage REITs,Salt Lake City,Utah,1/19/2016,0001289490,1977
F,Ford Motor Company,Consumer Discretionary,Automobile Manufacturers,Dearborn,Michigan,3/4/1957,0000037996,1903
FANG,Diamondback Energy,Energy,Oil & Gas Exploration & Production,Midland,Texas,12/3/2018,0001539838,2007
FAST,Fastenal,Industrials,Trading Companies & Distributors,Winona,Minnesota,9/15/2008,0000815556,1967
FCX,Freeport-McMoRan,Materials,Copper,Phoenix,Arizona,7/1/2011,0000831259,1912
FDS,FactSet,Financials,Financial Exchanges & Data,Norwalk,Connecticut,12/20/2021,0001013237,1978
FDX,FedEx,Industrials,Air Freight & Logistics,Memphis,Tennessee,12/31/1980,0001048911,1971
FE,FirstEnergy,Utilities,Electric Utilities,Akron,Ohio,11/28/1997,0001031296,1997
FFIV,"F5, Inc.",Information Technology,Communications Equipment,Seattle,Washington,12/20/2010,0001048695,1996
FI,Fiserv,Financials,Transaction & Payment Processing Services,Brookfield,Wisconsin,4/2/2001,0000798354,1984
FIS,Fidelity National Information Services,Financials,Transaction & Payment Processing Services,Jacksonville,Florida,11/10/2006,0001136893,1968
FITB,Fifth Third Bancorp,Financials,Regional Banks,Cincinnati,Ohio,3/29/1996,0000035527,1858
FLT,Fleetcor,Financials,Transaction & Payment Processing Services,Atlanta,Georgia,6/20/2018,0001175454,2000
FMC,FMC Corporation,Materials,Fertilizers & Agricultural Chemicals,Philadelphia,Pennsylvania,8/19/2009,0000037785,1883
FOX,Fox Corporation (Class B),Communication Services,Broadcasting,New York City,New York,3/19/2019,0001754301,2019
FOXA,Fox Corporation (Class A),Communication Services,Broadcasting,New York City,New York,3/19/2019,0001754301,2019
FRT,Federal Realty Investment Trust,Real Estate,Retail REITs,Rockville,Maryland,2/1/2016,0000034903,1962
FSLR,First Solar,Information Technology,Semiconductors,Tempe,Arizona,12/19/2022,0001274494,1999
FTNT,Fortinet,Information Technology,Systems Software,Sunnyvale,California,10/11/2018,0001262039,2000
FTV,Fortive,Industrials,Industrial Machinery & Supplies & Components,Everett,Washington,7/1/2016,0001659166,2016
GD,General Dynamics,Industrials,Aerospace & Defense,Falls Church,Virginia,3/4/1957,0000040533,1899
GDDY,GoDaddy,Information Technology,Internet Services & Infrastructure,Tempe,Arizona,6/24/2024,0001609711,1997
GE,GE Aerospace,Industrials,Aerospace & Defense,Evendale,Ohio,3/4/1957,0000040545,1892
GEN,Gen Digital,Information Technology,Systems Software,Tempe,Arizona,3/25/2003,0000849399,1982
GILD,Gilead Sciences,Health Care,Biotechnology,Foster City,California,7/1/2004,0000882095,1987
GIS,General Mills,Consumer Staples,Packaged Foods & Meats,Golden Valley,Minnesota,3/4/1957,0000040704,1856
GL,Globe Life,Financials,Life & Health Insurance,McKinney,Texas,4/30/1989,0000320335,1900
GLW,Corning Inc.,Information Technology,Electronic Components,Corning,New York,2/27/1995,0000024741,1851
GM,General Motors,Consumer Discretionary,Automobile Manufacturers,Detroit,Michigan,6/6/2013,0001467858,1908
GNRC,Generac,Industrials,Electrical Components & Equipment,Waukesha,Wisconsin,3/22/2021,0001474735,1959
GOOG,Alphabet Inc. (Class C),Communication Services,Interactive Media & Services,Mountain View,California,4/3/2006,0001652044,1998
GOOGL,Alphabet Inc. (Class A),Communication Services,Interactive Media & Services,Mountain View,California,4/3/2014,0001652044,1998
GPC,Genuine Parts Company,Consumer Discretionary,Distributors,Atlanta,Georgia,12/31/1973,0000040987,1925
GPN,Global Payments,Financials,Transaction & Payment Processing Services,Atlanta,Georgia,4/25/2016,0001123360,2000
GRMN,Garmin,Consumer Discretionary,Consumer Electronics,Olathe,Kansas,12/12/2012,0001121788,1989
GS,Goldman Sachs,Financials,Investment Banking & Brokerage,New York City,New York,7/22/2002,0000886982,1869
GWW,W. W. Grainger,Industrials,Industrial Machinery & Supplies & Components,Lake Forest,Illinois,6/30/1981,0000277135,1927
HAL,Halliburton,Energy,Oil & Gas Equipment & Services,Houston,Texas,3/4/1957,0000045012,1919
HAS,Hasbro,Consumer Discretionary,Leisure Products,Pawtucket,Rhode Island,9/30/1984,0000046080,1923
HBAN,Huntington Bancshares,Financials,Regional Banks,Columbus,Ohio,8/28/1997,0000049196,1866
HCA,HCA Healthcare,Health Care,Health Care Facilities,Nashville,Tennessee,1/27/2015,0000860730,1968
HD,Home Depot (The),Consumer Discretionary,Home Improvement Retail,Atlanta,Georgia,3/31/1988,0000354950,1978
HES,Hess Corporation,Energy,Integrated Oil & Gas,New York City,New York,5/31/1984,0000004447,1919
HIG,Hartford (The),Financials,Property & Casualty Insurance,Hartford,Connecticut,3/4/1957,0000874766,1810
HII,Huntington Ingalls Industries,Industrials,Aerospace & Defense,Newport News,Virginia,1/3/2018,0001501585,2011
HLT,Hilton Worldwide,Consumer Discretionary,"Hotels, Resorts & Cruise Lines",Tysons Corner,Virginia,6/19/2017,0001585689,1919
HOLX,Hologic,Health Care,Health Care Equipment,Marlborough,Massachusetts,3/30/2016,0000859737,1985
HON,Honeywell,Industrials,Industrial Conglomerates,Charlotte,North Carolina,3/4/1957,0000773840,1906
HPE,Hewlett Packard Enterprise,Information Technology,"Technology Hardware, Storage & Peripherals",Houston,Texas,11/2/2015,0001645590,2015
HPQ,HP Inc.,Information Technology,"Technology Hardware, Storage & Peripherals",Palo Alto,California,12/31/1974,0000047217,1939
HRL,Hormel Foods,Consumer Staples,Packaged Foods & Meats,Austin,Minnesota,3/4/2009,0000048465,1891
HSIC,Henry Schein,Health Care,Health Care Distributors,Melville,New York,3/17/2015,0001000228,1932
HST,Host Hotels & Resorts,Real Estate,Hotel & Resort REITs,Bethesda,Maryland,3/20/2007,0001070750,1993
HSY,Hershey Company (The),Consumer Staples,Packaged Foods & Meats,Hershey,Pennsylvania,3/4/1957,0000047111,1894
HUM,Humana,Health Care,Managed Health Care,Louisville,Kentucky,12/10/2012,0000049071,1961
HWM,Howmet Aerospace,Industrials,Aerospace & Defense,Pittsburgh,Pennsylvania,10/21/2016,0000004281,1888
IBKR,Interactive Brokers,Financials,Investment Banking & Brokerage,Greenwich,Connecticut,8/28/2025,0001381197,1977
IBM,IBM,Information Technology,IT Consulting & Other Services,Armonk,New York,3/4/1957,0000051143,1911
ICE,Intercontinental Exchange,Financials,Financial Exchanges & Data,Atlanta,Georgia,9/26/2007,0001571949,2000
IDXX,Idexx Laboratories,Health Care,Health Care Equipment,Westbrook,Maine,1/5/2017,0000874716,1983
IEX,IDEX Corporation,Industrials,Industrial Machinery & Supplies & Components,Lake Forest,Illinois,8/9/2019,0000832101,1988
IFF,International Flavors & Fragrances,Materials,Specialty Chemicals,New York City,New York,3/31/1976,0000051253,1889
ILMN,Illumina,Health Care,Life Sciences Tools & Services,San Diego,California,11/19/2015,0001110803,1998
INCY,Incyte,Health Care,Biotechnology,Wilmington,Delaware,2/28/2017,0000879169,1991
INTC,Intel,Information Technology,Semiconductors,Santa Clara,California,12/31/1976,0000050863,1968
INTU,Intuit,Information Technology,Application Software,Mountain View,California,12/5/2000,0000896878,1983
INVH,Invitation Homes,Real Estate,Single-Family Residential REITs,Dallas,Texas,9/19/2022,0001687229,2012
IP,International Paper,Materials,Paper & Plastic Packaging Products & Materials,Memphis,Tennessee,3/4/1957,0000051434,1898
IPG,Interpublic Group of Companies (The),Communication Services,Advertising,New York City,New York,10/1/1992,0000051644,1930
IQV,IQVIA,Health Care,Life Sciences Tools & Services,Durham,North Carolina,8/29/2017,0001478242,1982
IR,Ingersoll Rand,Industrials,Industrial Machinery & Supplies & Components,Davidson,North Carolina,3/3/2020,0001699150,1859
IRM,Iron Mountain,Real Estate,Other Specialized REITs,Boston,Massachusetts,1/6/2009,0001020569,1951
ISRG,Intuitive Surgical,Health Care,Health Care Equipment,Sunnyvale,California,6/2/2008,0001035267,1995
IT,Gartner,Information Technology,IT Consulting & Other Services,Stamford,Connecticut,4/5/2017,0000749251,1979
ITW,Illinois Tool Works,Industrials,Industrial Machinery & Supplies & Components,Glenview,Illinois,2/28/1986,0000049826,1912
IVZ,Invesco,Financials,Asset Management & Custody Banks,Atlanta,Georgia,8/21/2008,0000914208,1935
J,Jacobs Solutions,Industrials,Construction & Engineering,Dallas,Texas,10/26/2007,0000052988,1947
JBHT,J.B. Hunt,Industrials,Cargo Ground Transportation,Lowell,Arkansas,7/1/2015,0000728535,1961
JCI,Johnson Controls,Industrials,Building Products,Glendale,Wisconsin,8/27/2010,0000833444,1885
JKHY,Jack Henry & Associates,Financials,Transaction & Payment Processing Services,Monett,Missouri,11/13/2018,0000779152,1976
JNJ,Johnson & Johnson,Health Care,Pharmaceuticals,New Brunswick,New Jersey,6/30/1973,0000200406,1886
JNPR,Juniper Networks,Information Technology,Communications Equipment,Sunnyvale,California,6/2/2006,0001043604,1996
JPM,JPMorgan Chase,Financials,Diversified Banks,New York City,New York,6/30/1975,0000019617,1799
K,Kellanova,Consumer Staples,Packaged Foods & Meats,Chicago,Illinois,9/11/1989,0000055067,1906
KDP,Keurig Dr Pepper,Consumer Staples,Soft Drinks & Non-alcoholic Beverages,Burlington,Massachusetts,6/21/2022,0001418135,1981
KEY,KeyCorp,Financials,Regional Banks,Cleveland,Ohio,3/1/1994,0000091576,1825
KEYS,Keysight Technologies,Information Technology,Electronic Equipment & Instruments,Santa Rosa,California,11/6/2018,0001601046,1939
KHC,Kraft Heinz,Consumer Staples,Packaged Foods & Meats,Chicago,Illinois,7/6/2015,0001637459,1869
KIM,Kimco Realty,Real Estate,Retail REITs,Jericho,New York,4/4/2006,0000879101,1958
KKR,KKR & Co.,Financials,Asset Management & Custody Banks,New York City,New York,6/24/2024,0001404912,1976
KLAC,KLA Corporation,Information Technology,Semiconductor Materials & Equipment,Milpitas,California,9/30/1997,0000319201,1975
KMB,Kimberly-Clark,Consumer Staples,Household Products,Irving,Texas,3/4/1957,0000055785,1872
KMI,Kinder Morgan,Energy,Oil & Gas Storage & Transportation,Houston,Texas,5/25/2012,0001506307,1997
KMX,CarMax,Consumer Discretionary,Automotive Retail,Richmond,Virginia,6/28/2010,0001170010,1993
KO,Coca-Cola Company (The),Consumer Staples,Soft Drinks & Non-alcoholic Beverages,Atlanta,Georgia,3/4/1957,0000021344,1886
KR,Kroger,Consumer Staples,Food Retail,Cincinnati,Ohio,3/4/1957,0000056873,1883
L,Loews Corporation,Financials,Multi-line Insurance,New York City,New York,5/31/1995,0000060086,1959
LDOS,Leidos,Industrials,Diversified Support Services,Reston,Virginia,8/9/2019,0001336920,1969
LEN,Lennar,Consumer Discretionary,Homebuilding,Miami,Florida,10/4/2005,0000920760,1954
LH,Labcorp,Health Care,Health Care Services,Burlington,North Carolina,11/1/2004,0000920148,1978
LHX,L3Harris,Industrials,Aerospace & Defense,Melbourne,Florida,9/22/2008,0000202058,1895
LII,Lennox International,Industrials,Building Products,Richardson,Texas,12/23/2024,0001069202,1895
LIN,Linde plc,Materials,Industrial Gases,Danbury,Connecticut,7/1/1992,0001707925,1879
LKQ,LKQ Corporation,Consumer Discretionary,Distributors,Chicago,Illinois,5/23/2016,0001065696,1998
LLY,Lilly (Eli),Health Care,Pharmaceuticals,Indianapolis,Indiana,12/31/1970,0000059478,1876
LMT,Lockheed Martin,Industrials,Aerospace & Defense,Bethesda,Maryland,3/4/1957,0000936468,1995
LNT,Alliant Energy,Utilities,Electric Utilities,Madison,Wisconsin,7/1/2016,0000352541,1917
LOW,Lowe's,Consumer Discretionary,Home Improvement Retail,Mooresville,North Carolina,2/29/1984,0000060667,1904
LRCX,Lam Research,Information Technology,Semiconductor Materials & Equipment,Fremont,California,6/29/2012,0000707549,1980
LUV,Southwest Airlines,Industrials,Passenger Airlines,Dallas,Texas,7/1/1994,0000092380,1967
LVS,Las Vegas Sands,Consumer Discretionary,Casinos & Gaming,Las Vegas,Nevada,10/3/2019,0001300514,1988
LW,Lamb Weston,Consumer Staples,Packaged Foods & Meats,Eagle,Idaho,12/3/2018,0001679273,1950
LYB,LyondellBasell,Materials,Specialty Chemicals,Rotterdam,Netherlands,9/5/2012,0001489393,2007
LYV,Live Nation Entertainment,Communication Services,Movies & Entertainment,Beverly Hills,California,12/23/2019,0001335258,2010
MA,Mastercard,Financials,Transaction & Payment Processing Services,Harrison,New York,7/18/2008,0001141391,1966
MAA,Mid-America Apartment Communities,Real Estate,Multi-Family Residential REITs,Memphis,Tennessee,12/2/2016,0000912595,1977
MAR,Marriott International,Consumer Discretionary,"Hotels, Resorts & Cruise Lines",Bethesda,Maryland,5/29/1998,0001048286,1927
MAS,Masco,Industrials,Building Products,Livonia,Michigan,6/30/1981,0000062996,1929
MCD,McDonald's,Consumer Discretionary,Restaurants,Chicago,Illinois,6/30/1970,0000063908,1940
MCHP,Microchip Technology,Information Technology,Semiconductors,Chandler,Arizona,9/7/2007,0000827054,1989
MCK,McKesson Corporation,Health Care,Health Care Distributors,Irving,Texas,1/13/1999,0000927653,1833
MCO,Moody's Corporation,Financials,Financial Exchanges & Data,New York City,New York,7/1/1998,0001059556,1909
MDLZ,Mondelez International,Consumer Staples,Packaged Foods & Meats,Chicago,Illinois,10/2/2012,0001103982,2012
MDT,Medtronic,Health Care,Health Care Equipment,Minneapolis,Minnesota,10/31/1986,0001613103,1949
MET,MetLife,Financials,Life & Health Insurance,New York City,New York,12/11/2000,0001099219,1868
META,Meta Platforms,Communication Services,Interactive Media & Services,Menlo Park,California,12/23/2013,0001326801,2004
MGM,MGM Resorts,Consumer Discretionary,Casinos & Gaming,Paradise,Nevada,7/26/2017,0000789570,1986
MHK,Mohawk Industries,Consumer Discretionary,Home Furnishings,Calhoun,Georgia,12/23/2013,0000851968,1878
MKC,McCormick & Company,Consumer Staples,Packaged Foods & Meats,Hunt Valley,Maryland,3/20/2003,0000063754,1889
MKTX,MarketAxess,Financials,Financial Exchanges & Data,New York City,New York,7/1/2019,0001278021,2000
MLM,Martin Marietta Materials,Materials,Construction Materials,Raleigh,North Carolina,7/2/2014,0000916076,1993
MMC,Marsh McLennan,Financials,Insurance Brokers,New York City,New York,8/31/1987,0000062709,1905
MMM,3M,Industrials,Industrial Conglomerates,Saint Paul,Minnesota,3/4/1957,0000066740,1902
MNST,Monster Beverage,Consumer Staples,Soft Drinks & Non-alcoholic Beverages,Corona,California,6/28/2012,0000865752,1935
MO,Altria,Consumer Staples,Tobacco,Richmond,Virginia,3/4/1957,0000764180,1985
MOH,Molina Healthcare,Health Care,Managed Health Care,Long Beach,California,3/2/2022,0001179929,1980
MOS,Mosaic Company (The),Materials,Fertilizers & Agricultural Chemicals,Tampa,Florida,9/26/2011,0001285785,1865
MPC,Marathon Petroleum,Energy,Oil & Gas Refining & Marketing,Findlay,Ohio,7/1/2011,0001510295,1887
MPWR,Monolithic Power Systems,Information Technology,Semiconductors,Kirkland,Washington,2/12/2021,0001280452,1997
MRK,Merck & Co.,Health Care,Pharmaceuticals,Kenilworth,New Jersey,3/4/1957,0000310158,1891
MRNA,Moderna,Health Care,Biotechnology,Cambridge,Massachusetts,7/21/2021,0001682852,2010
MRO,Marathon Oil,Energy,Oil & Gas Exploration & Production,Houston,Texas,3/4/1957,0000101778,1887
MS,Morgan Stanley,Financials,Investment Banking & Brokerage,New York City,New York,7/29/1993,0000895421,1935
MSCI,MSCI Inc.,Financials,Financial Exchanges & Data,New York City,New York,4/4/2018,0001408198,1969
MSFT,Microsoft,Information Technology,Systems Software,Redmond,Washington,6/1/1994,0000789019,1975
MSI,Motorola Solutions,Information Technology,Communications Equipment,Chicago,Illinois,3/4/1957,0000068505,1928
MTB,M&T Bank,Financials,Regional Banks,Buffalo,New York,2/23/2004,0000036270,1856
MTCH,Match Group,Communication Services,Interactive Media & Services,Dallas,Texas,9/20/2021,0000891103,1986
MTD,Mettler Toledo,Health Care,Life Sciences Tools & Services,Columbus,Ohio,9/6/2016,0001037646,1945
MU,Micron Technology,Information Technology,Semiconductors,Boise,Idaho,9/27/1994,0000723125,1978
NCLH,Norwegian Cruise Line Holdings,Consumer Discretionary,"Hotels, Resorts & Cruise Lines",Miami,Florida,10/13/2017,0001513761,1966
NDAQ,"Nasdaq, Inc.",Financials,Financial Exchanges & Data,New York City,New York,10/22/2008,0001120193,1971
NDSN,Nordson Corporation,Industrials,Industrial Machinery & Supplies & Components,Westlake,Ohio,2/15/2022,0000072331,1935
NEE,NextEra Energy,Utilities,Multi-Utilities,Juno Beach,Florida,6/30/1976,0000753308,1925
NEM,Newmont,Materials,Gold,Denver,Colorado,6/30/1969,0001164727,1921
NFLX,Netflix,Communication Services,Movies & Entertainment,Los Gatos,California,12/20/2010,0001065280,1997
NI,NiSource,Utilities,Multi-Utilities,Merrillville,Indiana,11/2/2000,0001111711,1912
NKE,"Nike, Inc.",Consumer Discretionary,"Apparel, Accessories & Luxury Goods",Washington County,Oregon,11/30/1988,0000320187,1964
NOC,Northrop Grumman,Industrials,Aerospace & Defense,West Falls Church,Virginia,3/4/1957,0001133421,1930
NOW,ServiceNow,Information Technology,Systems Software,Santa Clara,California,11/21/2019,0001373715,2003
NRG,NRG Energy,Utilities,Independent Power Producers & Energy Traders,Houston,Texas,1/29/2010,0001013871,1992
NSC,Norfolk Southern,Industrials,Rail Transportation,Atlanta,Georgia,3/4/1957,0000702165,1881
NTAP,NetApp,Information Technology,"Technology Hardware, Storage & Peripherals",San Jose,California,6/25/1999,0001002047,1992
NTRS,Northern Trust,Financials,Asset Management & Custody Banks,Chicago,Illinois,1/30/1998,0000073124,1889
NUE,Nucor,Materials,Steel,Charlotte,North Carolina,4/30/1985,0000073309,1940
NVDA,Nvidia,Information Technology,Semiconductors,Santa Clara,California,11/30/2001,0001045810,1993
NVR,"NVR, Inc.",Consumer Discretionary,Homebuilding,Reston,Virginia,9/26/2019,0000906163,1980
NWS,News Corp (Class B),Communication Services,Publishing,New York City,New York,9/18/2015,0001564708,1980
NWSA,News Corp (Class A),Communication Services,Publishing,New York City,New York,8/1/2013,0001564708,1980
NXPI,NXP Semiconductors,Information Technology,Semiconductors,Eindhoven,Netherlands,3/22/2021,0001413447,1953
O,Realty Income,Real Estate,Retail REITs,San Diego,California,4/7/2015,0000726728,1969
ODFL,Old Dominion,Industrials,Cargo Ground Transportation,Thomasville,North Carolina,12/9/2019,0000878927,1934
OKE,Oneok,Energy,Oil & Gas Storage & Transportation,Tulsa,Oklahoma,3/15/2010,0001039684,1906
OMC,Omnicom Group,Communication Services,Advertising,New York City,New York,12/31/1997,0000029989,1986
ON,ON Semiconductor,Information Technology,Semiconductors,Phoenix,Arizona,6/21/2022,0001097864,1999
ORCL,Oracle Corporation,Information Technology,Application Software,Austin,Texas,8/31/1989,0001341439,1977
ORLY,O’Reilly Automotive,Consumer Discretionary,Automotive Retail,Springfield,Missouri,3/27/2009,0000898173,1957
OTIS,Otis Worldwide,Industrials,Industrial Machinery & Supplies & Components,Farmington,Connecticut,4/3/2020,0001781335,1853
OXY,Occidental Petroleum,Energy,Oil & Gas Exploration & Production,Houston,Texas,3/4/1957,0000797468,1920
PARA,Paramount Global,Communication Services,Movies & Entertainment,New York City,New York,9/30/1994,0000813828,1912
PAYC,Paycom,Industrials,Human Resource & Employment Services,Oklahoma City,Oklahoma,1/28/2020,0001590955,1998
PAYX,Paychex,Industrials,Human Resource & Employment Services,Penfield,New York,10/1/1998,0000723531,1971
PCAR,Paccar,Industrials,Construction Machinery & Heavy Transportation Equipment,Bellevue,Washington,12/31/1980,0000075362,1905
PCG,PG&E Corporation,Utilities,Multi-Utilities,Oakland,California,10/3/2022,0001004980,1905
PEAK,Healthpeak,Real Estate,Health Care REITs,Long Beach,California,3/31/2008,0000765880,1985
PEG,Public Service Enterprise Group,Utilities,Electric Utilities,Newark,New Jersey,3/4/1957,0000788784,1903
PEP,PepsiCo,Consumer Staples,Soft Drinks & Non-alcoholic Beverages,Purchase,New York,3/4/1957,0000077476,1898
PFE,Pfizer,Health Care,Pharmaceuticals,New York City,New York,3/4/1957,0000078003,1849
PFG,Principal Financial Group,Financials,Life & Health Insurance,Des Moines,Iowa,7/22/2002,0001126328,1879
PG,Procter & Gamble,Consumer Staples,Personal Care Products,Cincinnati,Ohio,3/4/1957,0000080424,1837
PGR,Progressive Corporation,Financials,Property & Casualty Insurance,Mayfield Village,Ohio,8/4/1997,0000080661,1937
PH,Parker Hannifin,Industrials,Industrial Machinery & Supplies & Components,Cleveland,Ohio,11/30/1985,0000076334,1917
PHM,PulteGroup,Consumer Discretionary,Homebuilding,Atlanta,Georgia,4/30/1984,0000822416,1956
PKG,Packaging Corporation of America,Materials,Paper & Plastic Packaging Products & Materials,Lake Forest,Illinois,7/26/2017,0000075677,1959
PLD,Prologis,Real Estate,Industrial REITs,San Francisco,California,7/17/2003,0001045609,1983
PLTR,Palantir Technologies,Information Technology,Application Software,Denver,Colorado,9/23/2024,0001321655,2003
PM,Philip Morris International,Consumer Staples,Tobacco,New York City,New York,3/31/2008,0001413329,1847
PNC,PNC Financial Services,Financials,Diversified Banks,Pittsburgh,Pennsylvania,4/30/1988,0000713676,1845
PNR,Pentair,Industrials,Industrial Machinery & Supplies & Components,Golden Valley,Minnesota,10/1/2012,0000077360,1966
PNW,Pinnacle West Capital,Utilities,Multi-Utilities,Phoenix,Arizona,10/4/1999,0000764622,1985
POOL,Pool Corporation,Consumer Discretionary,Distributors,Covington,Louisiana,10/7/2020,0000945841,1993
PPG,PPG Industries,Materials,Specialty Chemicals,Pittsburgh,Pennsylvania,3/4/1957,0000079879,1883
PPL,PPL Corporation,Utilities,Electric Utilities,Allentown,Pennsylvania,10/1/2001,0000922224,1920
PRU,Prudential Financial,Financials,Life & Health Insurance,Newark,New Jersey,7/22/2002,0001137774,1875
PSA,Public Storage,Real Estate,Self-Storage REITs,Glendale,California,8/19/2005,0001393311,1972
PSX,Phillips 66,Energy,Oil & Gas Refining & Marketing,Houston,Texas,5/1/2012,0001534701,1917
PTC,PTC Inc.,Information Technology,Application Software,Boston,Massachusetts,4/20/2021,0000857005,1985
PWR,Quanta Services,Industrials,Construction & Engineering,Houston,Texas,7/1/2009,0001050915,1997
PXD,Pioneer Natural Resources,Energy,Oil & Gas Exploration & Production,Irving,Texas,9/24/2008,0001038357,1997
PYPL,PayPal,Financials,Transaction & Payment Processing Services,San Jose,California,7/20/2015,0001633917,1998
QCOM,Qualcomm,Information Technology,Semiconductors,San Diego,California,7/22/1999,0000804328,1985
QRVO,Qorvo,Information Technology,Semiconductors,Greensboro,North Carolina,6/11/2015,0001604778,2015
RCL,Royal Caribbean Group,Consumer Discretionary,"Hotels, Resorts & Cruise Lines",Miami,Florida,12/5/2014,0000884887,1997
REG,Regency Centers,Real Estate,Retail REITs,Jacksonville,Florida,3/2/2017,0000910606,1963
REGN,Regeneron Pharmaceuticals,Health Care,Biotechnology,Tarrytown,New York,5/1/2013,0000872589,1988
RF,Regions Financial Corporation,Financials,Regional Banks,Birmingham,Alabama,8/28/1998,0001281761,1971
RHI,Robert Half,Industrials,Human Resource & Employment Services,Menlo Park,California,12/5/2000,0000315213,1948
RJF,Raymond James Financial,Financials,Investment Banking & Brokerage,St. Petersburg,Florida,3/20/2017,0000720005,1962
RL,Ralph Lauren Corporation,Consumer Discretionary,"Apparel, Accessories & Luxury Goods",New York City,New York,2/2/2007,0001037038,1967
RMD,ResMed,Health Care,Health Care Equipment,San Diego,California,7/26/2017,0000943819,1989
ROK,Rockwell Automation,Industrials,Electrical Components & Equipment,Milwaukee,Wisconsin,3/12/2000,0001024478,1903
ROL,"Rollins, Inc.",Industrials,Environmental & Facilities Services,Atlanta,Georgia,10/1/2018,0000084839,1948
ROP,Roper Technologies,Information Technology,Electronic Equipment & Instruments,Sarasota,Florida,12/23/2009,0000882835,1981
ROST,Ross Stores,Consumer Discretionary,Apparel Retail,Dublin,California,12/21/2009,0000745732,1982
RSG,Republic Services,Industrials,Environmental & Facilities Services,Phoenix,Arizona,12/5/2008,0001060391,1981
RTX,RTX Corporation,Industrials,Aerospace & Defense,Waltham,Massachusetts,3/4/1957,0000101829,1922
RVTY,Revvity,Health Care,Health Care Equipment,Waltham,Massachusetts,5/31/1985,0000031791,1937
SBAC,SBA Communications,Real Estate,Telecom Tower REITs,Boca Raton,Florida,9/1/2017,0001034054,1989
SBUX,Starbucks,Consumer Discretionary,Restaurants,Seattle,Washington,6/7/2000,0000829224,1971
SCHW,Charles Schwab Corporation,Financials,Investment Banking & Brokerage,Westlake,Texas,6/2/1997,0000316709,1971
SHW,Sherwin-Williams,Materials,Specialty Chemicals,Cleveland,Ohio,6/30/1964,0000089800,1866
SJM,J.M. Smucker Company (The),Consumer Staples,Packaged Foods & Meats,Orrville,Ohio,11/6/2008,0000091419,1897
SLB,Schlumberger,Energy,Oil & Gas Equipment & Services,Houston,Texas,3/4/1957,0000087347,1926
SMCI,Supermicro,Information Technology,"Technology Hardware, Storage & Peripherals",San Jose,California,3/18/2024,0001375365,1993
SNA,Snap-on,Industrials,Industrial Machinery & Supplies & Components,Kenosha,Wisconsin,9/30/1982,0000091440,1920
SNPS,Synopsys,Information Technology,Application Software,Sunnyvale,California,3/16/2017,0000883241,1986
SO,Southern Company,Utilities,Electric Utilities,Atlanta,Georgia,3/4/1957,0000092122,1945
SPG,Simon Property Group,Real Estate,Retail REITs,Indianapolis,Indiana,6/26/2002,0001063761,2003
SPGI,S&P Global,Financials,Financial Exchanges & Data,New York City,New York,3/4/1957,0000064040,1917
SRE,Sempra,Utilities,Multi-Utilities,San Diego,California,3/17/2017,0001032208,1998
STE,Steris,Health Care,Health Care Equipment,Mentor,Ohio,12/23/2019,0001757898,1985
STLD,Steel Dynamics,Materials,Steel,Fort Wayne,Indiana,12/22/2022,0001022671,1993
STT,State Street Corporation,Financials,Asset Management & Custody Banks,Boston,Massachusetts,3/14/2003,0000093751,1792
STX,Seagate Technology,Information Technology,"Technology Hardware, Storage & Peripherals",Fremont,California,7/2/2012,0001137789,1979
STZ,Constellation Brands,Consumer Staples,Distillers & Vintners,Rochester,New York,7/1/2005,0000016918,1945
SW,Smurfit Westrock,Materials,Paper & Plastic Packaging Products & Materials,Atlanta,Georgia,7/8/2024,0002005951,1934
SWK,Stanley Black & Decker,Industrials,Industrial Machinery & Supplies & Components,New Britain,Connecticut,9/30/1982,0000093556,1843
SWKS,Skyworks Solutions,Information Technology,Semiconductors,Irvine,California,3/12/2015,0000004127,2002
SYF,Synchrony Financial,Financials,Consumer Finance,Stamford,Connecticut,11/18/2015,0001601712,2003
SYK,Stryker Corporation,Health Care,Health Care Equipment,Kalamazoo,Michigan,12/12/2000,0000310764,1941
SYY,Sysco,Consumer Staples,Food Distributors,Houston,Texas,12/31/1986,0000096021,1969
T,AT&T,Communication Services,Integrated Telecommunication Services,Dallas,Texas,11/30/1983,0000732717,1885
TAP,Molson Coors Beverage Company,Consumer Staples,Brewers,Chicago,Illinois,6/30/1976,0000024545,1873
TDG,TransDigm Group,Industrials,Aerospace & Defense,Cleveland,Ohio,6/3/2016,0001260221,1993
TDY,Teledyne Technologies,Information Technology,Electronic Equipment & Instruments,Thousand Oaks,California,6/22/2020,0001094285,1960
TECH,Bio-Techne,Health Care,Life Sciences Tools & Services,Minneapolis,Minnesota,8/30/2021,0000842023,1976
TEL,TE Connectivity,Information Technology,Electronic Manufacturing Services,Berwyn,Pennsylvania,10/17/2011,0001385157,2007
TER,Teradyne,Information Technology,Semiconductor Materials & Equipment,North Reading,Massachusetts,9/21/2020,0000097210,1960
TFC,Truist Financial,Financials,Diversified Banks,Charlotte,North Carolina,12/4/1997,0000092230,1872
TFX,Teleflex,Health Care,Health Care Equipment,Wayne,Pennsylvania,1/18/2019,0000096943,1943
TGT,Target Corporation,Consumer Staples,Consumer Staples Merchandise Retail,Minneapolis,Minnesota,12/31/1976,0000027419,1902
TJX,TJX Companies,Consumer Discretionary,Apparel Retail,Framingham,Massachusetts,9/30/1985,0000109198,1987
TKO,TKO Group Holdings,Communication Services,Movies & Entertainment,New York City,New York,3/24/2025,0001973266,2023
TMO,Thermo Fisher Scientific,Health Care,Life Sciences Tools & Services,Waltham,Massachusetts,8/3/2004,0000097745,1902
TMUS,T-Mobile US,Communication Services,Wireless Telecommunication Services,Bellevue,Washington,7/15/2019,0001283699,1994
TPL,Texas Pacific Land Corporation,Energy,Oil & Gas Exploration & Production,Dallas,Texas,11/26/2024,0001811074,1888
TPR,"Tapestry, Inc.",Consumer Discretionary,"Apparel, Accessories & Luxury Goods",New York City,New York,9/1/2004,0001116132,2017
TRGP,Targa Resources,Energy,Oil & Gas Storage & Transportation,Houston,Texas,10/12/2022,0001389170,2005
TRMB,Trimble Inc.,Information Technology,Electronic Equipment & Instruments,Westminster,Colorado,1/21/2021,0000864749,1978
TROW,T. Rowe Price,Financials,Asset Management & Custody Banks,Baltimore,Maryland,7/29/2019,0001113169,1937
TRV,Travelers Companies (The),Financials,Property & Casualty Insurance,New York City,New York,8/21/2002,0000086312,1853
TSCO,Tractor Supply,Consumer Discretionary,Other Specialty Retail,Brentwood,Tennessee,1/24/2014,0000916365,1938
TSLA,"Tesla, Inc.",Consumer Discretionary,Automobile Manufacturers,Austin,Texas,12/21/2020,0001318605,2003
TSN,Tyson Foods,Consumer Staples,Packaged Foods & Meats,Springdale,Arkansas,8/10/2005,0000100493,1935
TT,Trane Technologies,Industrials,Building Products,Davidson,North Carolina,11/17/2010,0001466258,1871
TTD,Trade Desk (The),Communication Services,Advertising,Ventura,California,7/18/2025,0001671933,2009
TTWO,Take-Two Interactive,Communication Services,Interactive Home Entertainment,New York City,New York,3/19/2018,0000946581,1993
TXN,Texas Instruments,Information Technology,Semiconductors,Dallas,Texas,3/12/2001,0000097476,1930
TXT,Textron,Industrials,Aerospace & Defense,Providence,Rhode Island,12/31/1978,0000217346,1923
TYL,Tyler Technologies,Information Technology,Application Software,Plano,Texas,6/22/2020,0000860731,1966
UAL,United Airlines Holdings,Industrials,Passenger Airlines,Chicago,Illinois,9/3/2015,0000100517,1967
UDR,"UDR, Inc.",Real Estate,Multi-Family Residential REITs,Highlands Ranch,Colorado,3/7/2016,0000074208,1972
UHS,Universal Health Services,Health Care,Health Care Facilities,King of Prussia,Pennsylvania,9/20/2014,0000352915,1979
ULTA,Ulta Beauty,Consumer Discretionary,Other Specialty Retail,Bolingbrook,Illinois,4/18/2016,0001403568,1990
UNH,UnitedHealth Group,Health Care,Managed Health Care,Minnetonka,Minnesota,7/1/1994,0000731766,1977
UNP,Union Pacific Corporation,Industrials,Rail Transportation,Omaha,Nebraska,3/4/1957,0000100885,1862
UPS,United Parcel Service,Industrials,Air Freight & Logistics,Sandy Springs,Georgia,7/22/2002,0001090727,1907
URI,United Rentals,Industrials,Trading Companies & Distributors,Stamford,Connecticut,9/20/2014,0001067701,1997
USB,U.S. Bancorp,Financials,Diversified Banks,Minneapolis,Minnesota,11/1/1999,0000036104,1968
V,Visa Inc.,Financials,Transaction & Payment Processing Services,San Francisco,California,12/21/2009,0001403161,1958
VFC,VF Corporation,Consumer Discretionary,"Apparel, Accessories & Luxury Goods",Denver,Colorado,6/30/1979,0000103379,1899
VICI,Vici Properties,Real Estate,Hotel & Resort REITs,New York City,New York,6/8/2022,0001705696,2017
VLO,Valero Energy,Energy,Oil & Gas Refining & Marketing,San Antonio,Texas,12/20/2002,0001035002,1980
VMC,Vulcan Materials Company,Materials,Construction Materials,Birmingham,Alabama,6/30/1999,0001396009,1909
VRSK,Verisk Analytics,Industrials,Research & Consulting Services,Jersey City,New Jersey,10/8/2015,0001442145,1971
VRSN,Verisign,Information Technology,Internet Services & Infrastructure,Dulles,Virginia,2/1/2006,0001014473,1995
VRTX,Vertex Pharmaceuticals,Health Care,Biotechnology,Boston,Massachusetts,9/23/2013,0000875320,1989
VST,Vistra Corp.,Utilities,Electric Utilities,Irving,Texas,5/8/2024,0001692819,2016
VTR,Ventas,Real Estate,Health Care REITs,Chicago,Illinois,3/4/2009,0000740260,1998
VTRS,Viatris,Health Care,Pharmaceuticals,Pittsburgh,Pennsylvania,4/23/2004,0001792044,1961
VZ,Verizon,Communication Services,Integrated Telecommunication Services,New York City,New York,11/30/1983,0000732712,1877
WAB,Wabtec,Industrials,Construction Machinery & Heavy Transportation Equipment,Pittsburgh,Pennsylvania,2/27/2019,0000943452,1869
WAT,Waters Corporation,Health Care,Life Sciences Tools & Services,Milford,Massachusetts,1/2/2002,0001000697,1958
WBA,Walgreens Boots Alliance,Consumer Staples,Drug Retail,Deerfield,Illinois,12/31/1979,0001618921,2014
WBD,Warner Bros. Discovery,Communication Services,Broadcasting,New York City,New York,4/11/2022,0001437107,1923
WDAY,"Workday, Inc.",Information Technology,Application Software,Pleasanton,California,12/23/2024,0001327811,2005
WDC,Western Digital,Information Technology,"Technology Hardware, Storage & Peripherals",San Jose,California,7/1/2009,0000106040,1970
WEC,WEC Energy Group,Utilities,Electric Utilities,Milwaukee,Wisconsin,10/31/2008,0000783325,1896
WELL,Welltower,Real Estate,Health Care REITs,Toledo,Ohio,1/30/2009,0000766704,1970
WFC,Wells Fargo,Financials,Diversified Banks,San Francisco,California,6/30/1976,0000072971,1852
WHR,Whirlpool Corporation,Consumer Discretionary,Household Appliances,Benton Harbor,Michigan,3/31/1958,0000106640,1911
WM,Waste Management,Industrials,Environmental & Facilities Services,Houston,Texas,8/31/1998,0000823768,1968
WMB,Williams Companies,Energy,Oil & Gas Storage & Transportation,Tulsa,Oklahoma,3/31/1975,0000107263,1908
WMT,Walmart,Consumer Staples,Consumer Staples Merchandise Retail,Bentonville,Arkansas,8/31/1982,0000104169,1962
WRB,W. R. Berkley Corporation,Financials,Property & Casualty Insurance,Greenwich,Connecticut,12/5/2019,0000011544,1967
WRK,WestRock,Materials,Paper & Plastic Packaging Products & Materials,Atlanta,Georgia,3/4/1957,0001732845,2015
WSM,"Williams-Sonoma, Inc.",Consumer Discretionary,Homefurnishing Retail,San Francisco,California,3/24/2025,0000719955,1956
WST,West Pharmaceutical Services,Health Care,Health Care Supplies,Exton,Pennsylvania,5/22/2020,0000105770,1923
WTW,Willis Towers Watson,Financials,Insurance Brokers,Arlington,Virginia,1/5/2016,0001140536,2016
WY,Weyerhaeuser,Real Estate,Timber REITs,Seattle,Washington,10/1/1979,0000106535,1900
WYNN,Wynn Resorts,Consumer Discretionary,Casinos & Gaming,Paradise,Nevada,11/14/2008,0001174922,2002
XEL,Xcel Energy,Utilities,Multi-Utilities,Minneapolis,Minnesota,3/4/1957,0000072903,1909
XOM,ExxonMobil,Energy,Integrated Oil & Gas,Irving,Texas,3/4/1957,0000034088,1999
XRAY,Dentsply Sirona,Health Care,Health Care Supplies,Charlotte,North Carolina,11/14/2008,0000818479,1969
XYL,Xylem Inc.,Industrials,Industrial Machinery & Supplies & Components,White Plains,New York,11/1/2011,0001524472,2011
XYZ,"Block, Inc.",Financials,Transaction & Payment Processing Services,Oakland,California,7/23/2025,0001512673,2009
YUM,Yum! Brands,Consumer Discretionary,Restaurants,Louisville,Kentucky,10/6/1997,0001041061,1997
ZBH,Zimmer Biomet,Health Care,Health Care Equipment,Warsaw,Indiana,8/7/2001,0001136869,1927
ZBRA,Zebra Technologies,Information Technology,Electronic Equipment & Instruments,Lincolnshire,Illinois,12/23/2019,0000877212,1969
ZION,Zions Bancorporation,Financials,Regional Banks,Salt Lake City,Utah,6/22/2001,0000109380,1873
ZTS,Zoetis,Health Care,Pharmaceuticals,Parsippany,New Jersey,6/21/2013,0001555280,1952


